{"info":{"year":"2025","version":"1","description":"Exported from roboflow.com","contributor":"","url":"https://public.roboflow.com/object-detection/undefined","date_created":"2025-01-14T15:27:53+00:00"},"licenses":[{"id":1,"url":"https://creativecommons.org/licenses/by/4.0/","name":"CC BY 4.0"}],"categories":[{"id":0,"name":"occupied-or-not-occupied","supercategory":"none"},{"id":1,"name":"not-occupied","supercategory":"occupied-or-not-occupied"}],"images":[{"id":0,"license":1,"file_name":"lr-thumb_jpg.rf.7b9555947e0a3ce7ab75c427e71f61ba.jpg","height":640,"width":640,"date_captured":"2025-01-14T15:27:53+00:00"},{"id":1,"license":1,"file_name":"red-color-cinema-seats-with-no-people-2B12H3N_jpg.rf.ad586fdac6b13be738c0fdd781ca83a0.jpg","height":640,"width":640,"date_captured":"2025-01-14T15:27:53+00:00"},{"id":2,"license":1,"file_name":"movie-theater-seats_38810-1698_jpg.rf.2ad08b81b20bb038a74cea7117a57e22.jpg","height":640,"width":640,"date_captured":"2025-01-14T15:27:53+00:00"},{"id":3,"license":1,"file_name":"red-color-cinema-seats-with-no-people-2B12H3N_jpg.rf.bfdca829acb897c2fa0ef4c231a7a8f0.jpg","height":640,"width":640,"date_captured":"2025-01-14T15:27:53+00:00"}],"annotations":[{"id":0,"image_id":0,"category_id":1,"bbox":[114,346,119.5,238],"area":28441,"segmentation":[],"iscrowd":0},{"id":1,"image_id":0,"category_id":1,"bbox":[482,278,65,146],"area":9490,"segmentation":[],"iscrowd":0},{"id":2,"image_id":0,"category_id":1,"bbox":[534,251,66.5,89.5],"area":5951.75,"segmentation":[],"iscrowd":0},{"id":3,"image_id":0,"category_id":1,"bbox":[3,366,138.5,270.5],"area":37464.25,"segmentation":[],"iscrowd":0},{"id":4,"image_id":0,"category_id":1,"bbox":[266,209,42.5,44],"area":1870,"segmentation":[],"iscrowd":0},{"id":5,"image_id":0,"category_id":1,"bbox":[389,206,30,14.5],"area":435,"segmentation":[],"iscrowd":0},{"id":6,"image_id":0,"category_id":1,"bbox":[41,309,72,57],"area":4104,"segmentation":[],"iscrowd":0},{"id":7,"image_id":0,"category_id":1,"bbox":[61,225,48,23],"area":1104,"segmentation":[],"iscrowd":0},{"id":8,"image_id":0,"category_id":1,"bbox":[113,187,28,28],"area":784,"segmentation":[],"iscrowd":0},{"id":9,"image_id":0,"category_id":1,"bbox":[146,193,28,26.5],"area":742,"segmentation":[],"iscrowd":0},{"id":10,"image_id":0,"category_id":1,"bbox":[222,209,30,25.5],"area":765,"segmentation":[],"iscrowd":0},{"id":11,"image_id":0,"category_id":1,"bbox":[558,171,19,22.5],"area":427.5,"segmentation":[],"iscrowd":0},{"id":12,"image_id":0,"category_id":1,"bbox":[287,112,14.5,12],"area":174,"segmentation":[],"iscrowd":0},{"id":13,"image_id":0,"category_id":1,"bbox":[208,140,19,13.5],"area":256.5,"segmentation":[],"iscrowd":0},{"id":14,"image_id":0,"category_id":1,"bbox":[309,131,15,18],"area":270,"segmentation":[],"iscrowd":0},{"id":15,"image_id":0,"category_id":1,"bbox":[4,121,17,11],"area":187,"segmentation":[],"iscrowd":0},{"id":16,"image_id":0,"category_id":1,"bbox":[59,177,26,28],"area":728,"segmentation":[],"iscrowd":0},{"id":17,"image_id":0,"category_id":1,"bbox":[12,169,21.5,26.5],"area":569.75,"segmentation":[],"iscrowd":0},{"id":18,"image_id":0,"category_id":1,"bbox":[575,198,24.5,14.5],"area":355.25,"segmentation":[],"iscrowd":0},{"id":19,"image_id":1,"category_id":1,"bbox":[222,271,261,161],"area":42021,"segmentation":[],"iscrowd":0},{"id":20,"image_id":1,"category_id":1,"bbox":[8,142,127,85],"area":10795,"segmentation":[],"iscrowd":0},{"id":21,"image_id":1,"category_id":1,"bbox":[392,142,154,78.5],"area":12089,"segmentation":[],"iscrowd":0},{"id":22,"image_id":1,"category_id":1,"bbox":[47,113,112,32.5],"area":3640,"segmentation":[],"iscrowd":0},{"id":23,"image_id":1,"category_id":1,"bbox":[378,92,97,26],"area":2522,"segmentation":[],"iscrowd":0},{"id":24,"image_id":1,"category_id":1,"bbox":[550,67,89.5,21.5],"area":1924.25,"segmentation":[],"iscrowd":0},{"id":25,"image_id":2,"category_id":1,"bbox":[74,186,108.5,148.5],"area":16112.25,"segmentation":[],"iscrowd":0},{"id":26,"image_id":2,"category_id":1,"bbox":[163,338,176,302],"area":53152,"segmentation":[],"iscrowd":0},{"id":27,"image_id":2,"category_id":1,"bbox":[524,345,115.5,295],"area":34072.5,"segmentation":[],"iscrowd":0},{"id":28,"image_id":2,"category_id":1,"bbox":[347,334,175,302],"area":52850,"segmentation":[],"iscrowd":0},{"id":29,"image_id":2,"category_id":1,"bbox":[377,113,77.5,94],"area":7285,"segmentation":[],"iscrowd":0},{"id":30,"image_id":2,"category_id":1,"bbox":[538,180,101.5,149.5],"area":15174.25,"segmentation":[],"iscrowd":0},{"id":31,"image_id":2,"category_id":1,"bbox":[155,78,58.5,77.5],"area":4533.75,"segmentation":[],"iscrowd":0},{"id":32,"image_id":2,"category_id":1,"bbox":[19,72,63.5,63],"area":4000.5,"segmentation":[],"iscrowd":0},{"id":33,"image_id":2,"category_id":1,"bbox":[546,73,69,54],"area":3726,"segmentation":[],"iscrowd":0},{"id":34,"image_id":3,"category_id":1,"bbox":[222,271,261,161],"area":42021,"segmentation":[],"iscrowd":0},{"id":35,"image_id":3,"category_id":1,"bbox":[8,142,127,85],"area":10795,"segmentation":[],"iscrowd":0},{"id":36,"image_id":3,"category_id":1,"bbox":[392,142,154,78.5],"area":12089,"segmentation":[],"iscrowd":0},{"id":37,"image_id":3,"category_id":1,"bbox":[47,113,112,32.5],"area":3640,"segmentation":[],"iscrowd":0},{"id":38,"image_id":3,"category_id":1,"bbox":[378,92,97,26],"area":2522,"segmentation":[],"iscrowd":0},{"id":39,"image_id":3,"category_id":1,"bbox":[550,67,89.5,21.5],"area":1924.25,"segmentation":[],"iscrowd":0}]}